{
  "binary_channels": [
    "lturn",
    "rturn"
  ],
  "channels": [
    "accel_pedal_pct",
    "steer_angle_deg",
    "steer_speed",
    "speed",
    "brake_kpa",
    "lturn",
    "rturn",
    "yaw_deg_s"
  ],
  "continuous_channels": [
    "accel_pedal_pct",
    "steer_angle_deg",
    "steer_speed",
    "speed",
    "brake_kpa",
    "yaw_deg_s"
  ],
  "continuous_indices": [
    0,
    1,
    2,
    3,
    4,
    7
  ],
  "mean": [
    8.211004070783023,
    -1.4549732748599937,
    -0.00596004435263149,
    28.058181618666893,
    453.46338935256136,
    null,
    null,
    -0.3319569256136447
  ],
  "num_samples": 783719,
  "num_sessions": 95,
  "seed": 123,
  "std": [
    12.257301862199945,
    63.08635047651722,
    30.145633853725045,
    32.27046891267557,
    811.6556805381343,
    null,
    null,
    4.301279235333266
  ],
  "train_session_ids": [
    "201702271017",
    "201702271123",
    "201702271136",
    "201702271438",
    "201702271632",
    "201702281709",
    "201703061033",
    "201703061107",
    "201703061323",
    "201703061418",
    "201703061429",
    "201703061456",
    "201703061519",
    "201703061541",
    "201703061606",
    "201703061700",
    "201703061725",
    "201703080946",
    "201703081008",
    "201703081152",
    "201703081407",
    "201703081509",
    "201703081617",
    "201703081653",
    "201703081723",
    "201704101118",
    "201704101504",
    "201704101624",
    "201704101658",
    "201704110943",
    "201704111011",
    "201704111041",
    "201704111202",
    "201704111412",
    "201704111540",
    "201704130952",
    "201704131012",
    "201704131020",
    "201704131047",
    "201704131123",
    "201704131537",
    "201704131634",
    "201704131655",
    "201704140944",
    "201704141033",
    "201704141608",
    "201704141639",
    "201704141725",
    "201704150933",
    "201704151035",
    "201704151140",
    "201704151315",
    "201704151347",
    "201706061021",
    "201706061536",
    "201706061647",
    "201706070945",
    "201706071021",
    "201706071319",
    "201706071518",
    "201706071532",
    "201706071602",
    "201706071620",
    "201706071630",
    "201706071735",
    "201706071752",
    "201706081335",
    "201706081445",
    "201706081626",
    "201706081707",
    "201706130952",
    "201706131318",
    "201706140912",
    "201706141538",
    "201706141720",
    "201709201319",
    "201709201605",
    "201709201700",
    "201709211047",
    "201709211317",
    "201709211444",
    "201709220932",
    "201709221238",
    "201709221313",
    "201709221527",
    "201710031436",
    "201710031458",
    "201710031645",
    "201710040938",
    "201710041209",
    "201710041351",
    "201710041448",
    "201710060950",
    "201710061311",
    "201710061345"
  ]
}
