{
  "channel_names": [
    "accel_pedal_pct",
    "steer_angle_deg",
    "steer_speed",
    "speed",
    "brake_kpa",
    "lturn",
    "rturn",
    "yaw_deg_s"
  ],
  "binary_channels": [
    "lturn",
    "rturn"
  ],
  "non_normalized_channels": [
    "lturn",
    "rturn"
  ],
  "count": [
    764509,
    764509,
    764509,
    764509,
    764509,
    764509,
    764509,
    764509
  ],
  "mean": [
    8.315318143187326,
    -2.8428787627091117,
    -0.021382351286904404,
    27.931102498466426,
    479.3244526356122,
    0.0,
    0.0,
    -0.33053896031178476
  ],
  "std": [
    12.319996167703424,
    64.13147531480172,
    31.399737597913234,
    31.672643012520343,
    816.64774665613,
    1.0,
    1.0,
    4.44771311673182
  ],
  "nan_sessions": []
}